Iteration,X,FX
0,13.309026,-642.3296
1,7.651,-156.92267
2,4.955303,-36.112732
3,3.8147326,-6.4590836
4,3.4982448,-0.49263
5,3.469737,-0.0034294128
